user_id,total_reviews,,user_id_scrapped
2636606,4311,,2636606
3023796,4161,,3023796
3081722,3751,,3081722
454255,3452,,454255
1769011,2520,,1769011
1922425,2508,,1922425
1384232,2384,,1384232
955320,2303,,955320
2700654,2209,,2700654
1132408,2097,,1132408
7884584,2028,,7884584
1171131,1977,,1171131
4197769,1959,,4197769
2337007,1925,,2337007
133661,1876,,133661
6586731,1876,,6586731
439937,1829,,439937
1060439,1827,,1060439
1628041,1819,,1628041
3651677,1689,,3651677
1223283,1629,,4016030
1922494,1588,,1212466
4016030,1566,,2828794
1212466,1564,,3154123
2828794,1556,,1907089
3154123,1552,,1257138
1907089,1536,,3451098
1257138,1524,,5130755
3451098,1483,,9099185
6012758,1482,,6646452
5130755,1460,,283014
9099185,1441,,76042
6646452,1428,,546484
283014,1411,,8218861
1710857,1383,,1292669
76042,1374,,4342143
546484,1363,,5870323
8218861,1362,,8655084
1292669,1351,,304219
4342143,1349,,7718772
5870323,1295,,62411
8655084,1293,,813598
304219,1289,,1297492
7718772,1276,,155288
62411,1273,,1368249
813598,1272,,5705696
1297492,1271,,1050198
155288,1261,,4247172
1368249,1256,,2597121
5705696,1248,,1970552
1050198,1230,,92508
4247172,1227,,4379514
2597121,1207,,3181581
1970552,1202,,4685969
92508,1198,,3440231
4379514,1194,,3022242
3181581,1194,,1472968
4685969,1185,,7299377
937119,1165,,7259540
583557,1155,,2873133
6753819,1139,,4847123
2731485,1133,,612003
3003434,1126,,2096523
5907530,1106,,2652919
5911504,1100,,8356980
1663741,1089,,3206829
2752027,1083,,1996907
86145,1081,,558699
4983837,1048,,3702915
4120311,1047,,1000163
5950050,1040,,275437
15411,1036,,1947815
1280369,1035,,3929792
2684419,1033,,7857360
5571278,1033,,7878381
4612721,1033,,92056
3795348,1026,,7996358
962385,1025,,7265326
7584700,1013,,5101495
634200,1011,,2183662
4209094,1011,,501971
44398,1007,,559167
3878043,1004,,5430413
2437452,998,,9082155
7345397,996,,2459469
241540,996,,7118542
7168645,991,,1634411
7057054,989,,241183
4676971,989,,1574263
6606746,988,,6078800
5724567,961,,1854110
7668522,959,,3047454
7582369,952,,958187
4003368,938,,2095009
2781259,937,,641241
316327,935,,3781253
892128,935,,4831548
4698736,927,,210650
4751806,926,,636441
3293453,922,,1324789
4556168,922,,1361697
2200252,917,,2683868
857084,914,,313037
4724203,913,,3488439
1764476,913,,7404546
2333268,908,,1429111
3666031,905,,1948178
6907245,903,,5280845
3590983,902,,5278073
6923777,876,,233482
3230909,874,,2564751
2970379,870,,89170
2456548,868,,3706540
1127910,866,,6841613
4223760,866,,5478121
4850999,865,,5025458
3967198,865,,7761635
1285133,863,,994325
2443798,859,,7325556
254596,859,,1591510
7583484,854,,4296702
6265983,850,,1273118
8109706,846,,391023
5255435,841,,3359801
3036829,834,,8219064
541416,826,,112265
3209559,824,,1952119
1598886,822,,3097045
21659,822,,178320
5684340,817,,133202
4217077,812,,5398292
363070,809,,27435
7857026,808,,273413
7779073,799,,4164688
4188695,798,,2224950
3147219,797,,5871631
956313,792,,5364137
4726159,792,,4584043
1652357,790,,4940090
4028066,784,,1812802
2616403,782,,7897872
1346502,780,,6672547
1733683,778,,2876749
4015316,763,,2659749
3205653,757,,3299269
6097225,755,,73783
3313826,753,,7407364
2664775,753,,1642306
124038,753,,227726
2247013,749,,6186603
8975992,745,,3161083
3497575,744,,1147715
2380195,743,,5882099
1058324,743,,6175244
4753412,740,,117720
2621253,734,,604597
4896879,730,,5970245
4912586,730,,4991427
2160463,726,,1614841
5982262,724,,2890071
5607319,724,,1916753
347123,722,,2785390
123598,722,,8691587
304453,719,,3251334
1758594,719,,1054594
3461746,719,,2500965
1887310,718,,3088203
5963979,715,,596266
644703,713,,7716365
2943211,711,,649216
8872735,705,,8468608
1619684,705,,2105523
1355202,704,,5389847
999081,703,,43824
7490746,701,,800178
8083949,700,,7166602
1617748,695,,2705039
1702941,692,,3281164
2487858,689,,2190636
345801,685,,2699329
8854256,683,,4039337
5477262,683,,1125315
3265660,682,,6129622
223993,680,,320372
1484853,679,,7926263
849321,677,,162038
8241129,677,,873570
802066,676,,1748244
6774071,675,,3851099
5482096,673,,3360415
1391322,673,,4015316
6582254,672,,3205653
1271522,672,,6097225
1764232,672,,3313826
751334,671,,2247013
392459,669,,8975992
768723,669,,3497575
1642306,668,,2380195
227726,662,,4753412
3787451,660,,2621253
5895515,656,,4896879
6186603,655,,2160463
3402896,653,,123598
3161083,652,,1758594
1147715,649,,3461746
8291584,648,,1887310
1578420,647,,5963979
6934498,645,,644703
5882099,645,,2943211
6175244,644,,8872735
5716741,643,,1355202
117720,641,,999081
604597,639,,7490746
5970245,638,,8083949
4991427,637,,1617748
1614841,637,,1702941
6687675,634,,2487858
3167458,633,,345801
2890071,633,,8854256
1916753,629,,5477262
2785390,627,,3265660
8691587,627,,223993
3251334,625,,1484853
1054594,622,,849321
2500965,621,,8241129
3088203,617,,802066
4377518,614,,5482096
6449756,613,,6582254
596266,611,,1271522
7716365,610,,1764232
2948839,609,,751334
649216,607,,768723
8468608,602,,316327
177912,602,,892128
2105523,600,,4698736
5389847,599,,4751806
43824,597,,3293453
800178,597,,4556168
4493872,594,,2200252
7521915,593,,857084
7166602,590,,4724203
2705039,589,,1764476
3281164,589,,2333268
9180683,588,,3666031
2190636,587,,6907245
4283377,587,,3590983
2699329,583,,6923777
4039337,581,,3230909
2335083,578,,1127910
1125315,577,,4223760
6129622,573,,2443798
320372,572,,254596
3810541,571,,7583484
7926263,570,,6265983
162038,569,,8109706
873570,568,,3036829
1127405,567,,541416
2490119,567,,3209559
1748244,566,,1598886
3851099,563,,21659
3360415,562,,5684340
1033194,561,,4217077
636441,560,,363070
1324789,560,,7857026
3327000,558,,4188695
1361697,557,,3147219
2683868,555,,4726159
1825720,554,,4028066
313037,554,,937119
3189888,551,,6753819
3488439,550,,2731485
7404546,550,,3003434
1748363,550,,5907530
1429111,549,,5911504
1948178,549,,1663741
5280845,548,,2752027
5278073,548,,86145
233482,547,,4983837
2564751,546,,4120311
89170,546,,5950050
3706540,546,,15411
6841613,545,,1280369
4573882,543,,2684419
5478121,542,,4612721
5025458,540,,3795348
7761635,539,,962385
5880981,539,,7584700
994325,539,,634200
6577284,536,,4209094
3889506,536,,44398
7325556,534,,3878043
1591510,532,,2437452
3749461,531,,7345397
4296702,529,,241540
1273118,529,,7168645
391023,528,,7057054
6248705,528,,4676971
3359801,528,,6606746
6175707,527,,7668522
8219064,527,,7582369
112265,526,,4003368
4242816,526,,2781259
1952119,525,,4407211
3097045,524,,5754642
178320,524,,8751299
133202,522,,8456694
5398292,522,,6295042
1119451,521,,2619646
27435,520,,1939326
273413,519,,2538892
5287093,519,,7655313
2132572,519,,7010704
4164688,518,,1912613
2224950,517,,2327078
5871631,517,,1041732
5364137,517,,4071088
4558629,516,,4672084
3643293,516,,1138730
4584043,515,,7600964
3858088,515,,5497553
4635876,514,,4379319
4940090,513,,4102905
1812802,512,,2563042
7897872,512,,8495028
6672547,511,,2220828
2876749,510,,2297710
2659749,510,,536735
2438275,509,,8087271
3299269,509,,35488
5870199,509,,1155519
73783,509,,8866450
6146346,508,,7854826
7407364,508,,3217801
735726,508,,4606899
763271,508,,4492808
3440231,507,,3093000
3022242,507,,775131
1472968,506,,1163441
2393718,505,,2295390
7299377,505,,7878898
7259540,503,,7304892
872896,502,,3586922
2873133,501,,5975789
4809727,500,,7222759
4847123,500,,5347428
176834,499,,2165276
612003,499,,1744326
42553,499,,8179275
2096523,498,,6009927
2652919,497,,1928942
4521173,497,,1032093
2967194,497,,3768301
8356980,496,,8046739
3206829,496,,2931588
1996907,495,,1655110
684328,495,,1407592
558699,494,,4746257
1783447,492,,2557886
3702915,492,,6783573
1000163,491,,2011668
5141657,490,,3120014
275437,490,,7301790
7391803,489,,613464
267600,489,,1765447
2980937,488,,1607304
1947815,488,,5860412
3929792,487,,814968
2847202,487,,726263
5643209,486,,358322
7857360,485,,8923727
7878381,485,,9062568
92056,484,,8666557
7996358,483,,6011849
7265326,483,,847455
1542132,483,,2673817
5101495,480,,746121
2183662,480,,1586461
6211040,479,,3162831
501971,478,,3818716
559167,478,,3047395
5430413,477,,4472641
4812900,477,,2804369
5074940,477,,1720306
9082155,477,,684208
4426246,476,,284285
780168,475,,230065
2459469,475,,1487936
258069,474,,201574
7118542,471,,5977865
6270518,471,,5801904
6915374,471,,2555125
2969156,470,,138213
1634411,470,,4768979
353682,470,,6838508
1857032,469,,7314055
4741925,468,,2878000
9297510,466,,5210877
6381823,466,,2257506
4064330,464,,8192706
241183,464,,5915763
1574263,463,,5852350
6078800,463,,3388075
8331037,462,,3768940
1854110,462,,1521801
4020069,462,,1070495
2181877,461,,1385518
6207198,461,,5244178
5786956,461,,1377326
3047454,460,,7971097
958187,459,,157126
2095009,458,,8259640
6230917,457,,1249767
7029671,457,,2322651
641241,456,,279596
3781253,455,,7390877
4831548,454,,5873017
210650,453,,8152813
47638,450,,924163
5642969,450,,3493240
4596519,448,,6780125
1187388,448,,901758
3824610,447,,9259555
6595232,446,,8704531
175742,446,,7272646
2624672,446,,3923160
4898286,445,,2507243
5242215,445,,1205801
3432610,445,,8941445
1180497,444,,5227895
2679341,443,,4234612
3982049,443,,82567
1309716,442,,3575857
551663,442,,2439094
4109510,441,,372332
7889711,440,,5244399
5730242,439,,5150572
4049747,438,,1602775
9191688,438,,207683
3337325,438,,1497745
657072,438,,5116437
212781,438,,5310779
2777935,437,,5678171
5783783,436,,2631068
6000426,436,,7431593
1852000,436,,2220621
2752944,436,,1744931
3505114,435,,8922470
395019,435,,65763
2896174,434,,8837303
3859632,434,,1628013
3097193,434,,8971466
3972813,434,,5873022
6055831,433,,1603829
3938236,433,,7355652
3850088,432,,3004837
1074534,431,,1969978
1220040,431,,1342808
731044,431,,1030601
5893347,430,,377237
4031017,430,,7094732
305893,430,,4942948
5895037,430,,8597200
4458396,430,,6363108
1358582,429,,236325
1774960,429,,5842620
8284847,429,,867546
1216424,428,,1283371
3999966,428,,1135354
872960,427,,6929191
178338,427,,877451
286958,427,,4319360
195857,427,,5345726
5009336,425,,7946743
1884982,425,,754491
8413280,424,,1662451
6316008,424,,6642767
819103,423,,253112
3348876,423,,1391754
1410180,422,,4323266
3769293,421,,5242117
8034370,420,,3997277
3736122,419,,221256
8642688,419,,2115470
3690882,418,,783700
4839917,417,,4598042
5389474,417,,4437857
4204126,416,,7947019
1217774,415,,4698361
8664631,414,,1001319
1540476,414,,2724572
2308591,412,,6124330
3182850,412,,2556432
2953997,412,,4016487
1690005,411,,1784974
6363846,411,,1258538
7549296,410,,638504
7152864,410,,2397655
113596,409,,162396
49322,409,,1430202
3257356,409,,391193
1449494,406,,1523948
3923822,406,,4887393
1271603,406,,4658378
4753648,403,,843092
4515370,403,,1433252
4696613,403,,4733745
5898170,403,,8489621
7445343,403,,7529428
13699,403,,5740271
5751463,402,,5691696
5967218,402,,1255223
7180139,401,,158455
2587533,401,,3242992
790095,401,,1290521
4492046,400,,2038850
5745485,400,,5729839
2305252,399,,8814098
220833,399,,2890726
1234141,399,,4737997
358682,398,,822412
2607684,397,,5103849
1359087,397,,8161001
998969,396,,9172680
1763966,396,,5817571
7251040,396,,7057409
5120032,396,,4184187
3383236,396,,143523
145400,396,,574954
609582,395,,2238759
575042,394,,5349494
585688,393,,122317
228549,392,,9014779
1678689,392,,7623380
4580667,391,,2577473
1174256,391,,1864839
6474508,386,,3040293
7243938,386,,5649524
69889,386,,2040917
6022684,385,,1741701
1284921,384,,3861150
3063583,384,,1172410
2135425,382,,4978575
814746,382,,8794144
336238,382,,2455994
2365023,381,,1142376
5904827,381,,5556096
3220080,381,,1047348
3428003,380,,4272235
3085712,380,,6886122
2338442,380,,4930320
2039351,379,,1283482
4989035,379,,1252590
37876,378,,5619603
5729330,378,,5827129
6960485,378,,1068533
3137970,378,,1094677
1995137,378,,6409646
1300130,378,,3739529
1173460,378,,2791987
3194216,376,,1460955
3703662,376,,5363823
1238978,375,,3228750
3935029,375,,4203414
7892974,374,,7828045
3437089,374,,3171871
122011,374,,1647568
3286264,374,,8503920
1321103,374,,1496571
2527058,371,,3658457
5237836,371,,2404655
267866,371,,866318
5689428,370,,4826452
238637,369,,5844980
7556467,369,,1003162
6187625,369,,411374
3730723,369,,1526808
413802,368,,4807369
46173,368,,4564931
650294,368,,1627411
178353,368,,803830
5866314,367,,3480603
6472696,367,,5633544
2273763,367,,4709584
2154037,366,,3323983
5630113,365,,3065167
2525554,365,,1069037
2889123,365,,31879
7702916,364,,8810440
9061410,364,,2908221
1642318,364,,3078520
2090085,364,,2417547
9148078,364,,7715377
975733,364,,8027296
391739,364,,3318315
1089821,364,,537331
7368948,362,,4839193
6227186,362,,2824995
7382533,361,,646388
4157702,361,,2678337
1274550,361,,647842
8838699,361,,5983150
2935034,361,,2355989
2858587,360,,41559
9153622,359,,1219733
3443118,359,,5913088
4326206,358,,420574
1318278,358,,1095573
5216458,358,,4992152
1442087,357,,8827596
1670934,356,,8384571
8606413,356,,6112276
5268046,356,,797000
114093,356,,6163718
6513938,354,,7212461
1759473,354,,5004167
3138683,354,,6102155
7519010,354,,5898742
7190199,353,,3154377
4160960,353,,1297319
7678916,353,,5810442
314382,353,,3190614
7751000,352,,2170693
5231,352,,5757531
104917,351,,280382
48564,351,,5935487
2471697,350,,6345523
6548894,350,,3987266
4510715,349,,3977500
4280826,349,,1110463
2819259,349,,983819
1151318,349,,8707782
1135697,348,,3366244
173023,348,,6457222
6402256,348,,7446874
5328366,348,,161837
4822597,347,,2580188
1332214,346,,6249131
8219831,346,,657496
3981397,345,,2182101
5877170,345,,3993679
115494,345,,2694197
3906820,344,,4723171
3143590,343,,9208244
2547846,343,,5336886
184844,342,,5183098
3657943,342,,797120
5740721,342,,6782726
7026114,342,,6353978
1306410,342,,1673976
856034,341,,1133231
2800927,341,,441204
5273538,341,,3787430
5236865,341,,1694323
5183028,341,,930691
4751989,341,,4748576
1134669,340,,6176678
4262662,340,,1968260
2322783,340,,276304
1972706,339,,644155
1660993,339,,2181030
3747299,337,,8084071
6036599,337,,5901173
4738614,337,,5127205
778752,336,,976028
6150621,336,,1050566
5888466,336,,7291283
7859888,335,,7908910
3352411,334,,3988513
967569,334,,749613
7392746,333,,7388169
7339473,333,,3178331
3269816,332,,1956796
3118576,332,,4988047
5919885,332,,4304572
1832094,332,,1994274
5771244,330,,3581945
1159939,329,,742316
5945151,329,,8880518
5378410,328,,3249598
7917513,328,,32014
821341,327,,202682
732169,327,,3890428
5441861,327,,6355687
1211674,326,,4335141
2009627,326,,6009376
4495124,326,,2148740
6710522,326,,6094876
189810,325,,1328792
323130,325,,698729
1399934,324,,5784307
1771463,324,,1308261
1149719,323,,7459087
1056200,322,,88923
292989,322,,7329199
7838238,321,,5961058
660104,321,,5186126
5314644,321,,4083172
4603226,321,,3181334
4776721,320,,3660203
8486233,320,,5229727
7501215,320,,647991
4775657,320,,6939387
4045092,320,,975151
3096318,320,,68768
1901620,320,,1160057
1451884,319,,288789
1214703,319,,5516742
2093830,318,,6020646
2677862,318,,2833707
1719615,318,,4254735
967914,318,,5348578
7651738,317,,127972
4645388,317,,2803931
3290004,316,,2168851
3128084,316,,1041061
5677580,316,,5356911
2393154,316,,2453002
129682,316,,2859308
2329065,315,,1460754
5295056,315,,88252
6955695,315,,4292121
7081410,315,,5624947
2877319,314,,1340488
3973059,314,,3024594
3636125,314,,677374
2567355,313,,2435017
3217191,313,,805949
3000236,313,,240245
2989001,312,,5497579
85501,312,,3954174
8537441,312,,8798077
2485778,312,,7281449
5563843,312,,1421239
64939,311,,1086384
8265190,311,,7180584
4866138,311,,4448196
6283909,310,,2768497
1572421,310,,7527109
659411,309,,2787742
554401,309,,782826
2757501,308,,3086983
9175651,308,,5602360
894751,308,,808903
2400611,308,,4528639
5862209,307,,551733
3486062,306,,3469114
6188265,306,,5718804
4856604,306,,1176806
7342052,306,,2913111
946749,306,,5165571
674092,305,,6604466
1185911,305,,7983120
4430670,305,,3516811
2062658,305,,2814698
4914694,304,,877148
4155773,304,,1561890
433333,303,,8378334
7390748,303,,7433837
3701258,303,,132823
925476,302,,57322
5920644,302,,388772
4923603,301,,3313230
608637,301,,2492988
7431260,301,,787148
5057090,301,,2618225
7499193,300,,271569
1464158,300,,6178789
6678067,300,,2171893
3602618,300,,8719276
3128517,300,,5587177
7660089,299,,5317476
3536710,299,,3801221
1124585,299,,430587
869483,299,,4797996
4383595,298,,5852913
7420698,297,,85694
1471504,297,,3627659
266149,297,,577648
2374220,297,,745913
4919368,296,,7229518
1196786,296,,1466738
7626050,296,,1378520
6149873,296,,5956337
6245674,296,,679396
9051769,296,,856442
2612273,296,,4176551
8377679,295,,191372
1302420,295,,4387613
7297186,295,,3362880
1641723,295,,5182634
101529,295,,6808288
8876542,294,,1864690
1331126,294,,7975969
4030849,294,,7669563
2718349,294,,62352
1211814,293,,2243018
408320,293,,941470
7352820,292,,938087
3857643,292,,2770231
3924797,292,,2397003
2272354,292,,5666047
3448926,292,,3339514
5246414,292,,1588387
3851696,292,,3519545
3321279,291,,7631233
7424886,291,,5101275
8158732,289,,2691732
4807114,289,,2082235
906645,289,,1803950
6271951,289,,971869
8937622,289,,1127480
7506541,289,,1917139
3015117,289,,5530435
2461325,289,,7047822
50656,288,,3100280
7543255,288,,7147129
2812431,288,,5896793
988829,287,,4629354
3440548,287,,2776331
2946034,286,,4422265
4135202,286,,7990777
1698103,286,,334077
1351294,286,,874107
2170741,286,,3558604
4052722,286,,721497
8852506,286,,4045564
8237800,286,,5212872
6218152,286,,1216772
1408841,286,,53037
898917,286,,4583507
5892450,285,,6922176
7531701,285,,2344992
5942176,285,,2405392
8195841,285,,1146828
6465942,285,,1350384
5866360,285,,6015996
4646031,285,,1204352
189220,284,,286744
1388079,284,,8771332
5022690,284,,6957606
5436213,284,,3611354
1266496,284,,152713
634946,283,,7208455
2982901,283,,6685020
1276344,282,,6053462
3433917,282,,899659
4725111,282,,619312
3261515,281,,3731499
4698388,281,,955534
2373957,281,,1034783
7720957,281,,4649800
6000312,281,,7330476
5991933,281,,1620859
4429008,281,,172457
3202022,281,,1260827
5140113,280,,4717399
1125305,280,,159723
5953406,280,,2778377
6023277,280,,891470
196745,280,,7796681
7623366,279,,160148
1725642,279,,4155549
2013504,279,,4428027
6069096,279,,87311
8624929,279,,7406052
394816,279,,4332701
7408041,278,,119359
2731631,278,,6198070
399879,278,,6260459
4608681,277,,7706619
126518,277,,1504079
4737980,277,,1468547
1836233,277,,1954030
5626435,277,,4737224
3133492,277,,5331851
4296261,277,,2895577
5021388,276,,3135284
3047354,275,,188289
7269791,275,,7532967
5831184,275,,5628755
6122061,274,,5803604
9290936,274,,8902523
441860,274,,4801110
2417745,274,,7592776
8094869,274,,3620424
2752765,273,,5729802
5051331,273,,365226
3695696,273,,5959551
7384414,273,,3591573
1241185,273,,4772468
374456,273,,2508304
8748683,272,,1395998
7348729,272,,1489034
7028366,272,,7839064
4455202,272,,5894299
910712,271,,4090054
3010427,271,,3493390
2738175,270,,9055933
7026018,270,,309376
5483505,270,,27539
1686336,270,,5752751
629833,270,,3098673
7468171,269,,3446396
8347606,269,,3611130
7953710,269,,204702
3969915,269,,2598171
6732133,269,,4534324
6996144,269,,4223821
2094389,269,,5236992
5664770,269,,4054997
1100089,269,,804152
3795867,268,,4662429
7797654,268,,2270932
6061570,268,,7371907
4916588,268,,2639466
4086741,268,,7112203
5157049,268,,4030849
3511871,268,,1211814
2497613,268,,408320
1833577,268,,7352820
874793,268,,3857643
65984,267,,3924797
912379,267,,2272354
4411389,267,,5246414
4770345,267,,3851696
2425565,266,,3321279
1448151,266,,4807114
2685851,266,,906645
5055806,266,,6271951
3957022,266,,8937622
8666751,265,,7506541
743203,265,,2461325
141532,265,,50656
1325700,265,,7543255
7147129,265,,2812431
5896793,265,,2946034
4629354,265,,4135202
1342781,265,,1351294
2776331,264,,2170741
2296000,264,,4052722
3972045,264,,1408841
4422265,264,,898917
7990777,264,,5942176
334077,264,,6465942
2606514,264,,5866360
874107,264,,4646031
3558604,264,,1388079
984068,263,,5022690
5860284,263,,5436213
721497,262,,1266496
4045564,262,,634946
5212872,262,,2982901
1216772,261,,3433917
53037,261,,4725111
4583507,261,,4698388
94042,261,,4429008
6922176,261,,1125305
2344992,261,,5953406
2405392,260,,6023277
1146828,260,,7623366
1350384,260,,1725642
6015996,260,,6069096
7087508,260,,8624929
5623600,260,,394816
914730,260,,7408041
2193398,260,,2731631
1204352,260,,1836233
286744,260,,5626435
4962507,259,,3047354
7761631,259,,7269791
8771332,259,,5831184
6957606,259,,6122061
3611354,259,,9290936
152713,259,,2417745
5099013,259,,8094869
7208455,259,,5051331
6685020,259,,7384414
6053462,259,,374456
899659,259,,7028366
619312,259,,4455202
3731499,258,,910712
955534,258,,2738175
1034783,258,,7026018
4649800,258,,629833
3076222,258,,7468171
7330476,258,,8347606
586343,258,,3969915
8035130,257,,6732133
1620859,257,,6996144
5891111,257,,2094389
172457,256,,5664770
1260827,256,,1100089
4717399,255,,7797654
159723,255,,6061570
2778377,255,,4916588
891470,255,,4086741
7796681,255,,5157049
1304553,255,,3511871
160148,254,,1833577
4155549,254,,65984
7188991,254,,912379
4428027,254,,4411389
87311,254,,4770345
7406052,253,,2425565
4332701,253,,1448151
119359,253,,5055806
6198070,253,,3957022
6260459,253,,3269816
2776615,252,,5919885
7706619,252,,1832094
1504079,252,,5771244
1468547,252,,5378410
1954030,251,,821341
4737224,251,,732169
951832,251,,5441861
5331851,251,,1211674
5555807,251,,2009627
3540145,251,,4495124
2895577,251,,6710522
3135284,251,,323130
2883134,251,,1399934
188289,251,,1771463
7532967,250,,1056200
5628755,250,,292989
5803604,250,,660104
3710321,250,,5314644
800466,250,,4603226
8902523,249,,8486233
4801110,249,,7501215
7592776,249,,4775657
3620424,249,,4045092
5729802,249,,3096318
365226,249,,1901620
5959551,249,,2677862
3591573,249,,1719615
4772468,249,,967914
2508304,249,,7651738
1003527,248,,4645388
1395998,248,,3290004
1489034,248,,3128084
7839064,248,,5677580
6281242,248,,129682
249854,247,,2329065
5894299,247,,6955695
3890152,247,,7081410
4090054,247,,2877319
3493390,247,,3973059
5408742,247,,2567355
4387349,247,,3217191
6552263,246,,3000236
9055933,246,,85501
309376,246,,8537441
1813386,245,,64939
27539,245,,8265190
5752751,245,,6283909
3098673,245,,1572421
3446396,245,,554401
3611130,245,,5862209
6742098,244,,6188265
204702,244,,7342052
1681955,244,,1185911
2598171,244,,4430670
4534324,244,,2062658
4223821,243,,7390748
5236992,243,,3701258
1203275,243,,5920644
4054997,243,,4923603
7010313,243,,608637
804152,243,,7431260
3171946,242,,5057090
137770,242,,7499193
4662429,242,,3602618
281021,242,,3128517
3566301,242,,7660089
2270932,242,,3536710
3425387,241,,1471504
1826896,241,,266149
4502373,241,,2374220
7371907,241,,1196786
2639466,241,,6149873
7112203,241,,6245674
975151,241,,2612273
68768,241,,1302420
1160057,240,,7297186
288789,240,,101529
5516742,240,,1173460
6020646,240,,3194216
2833707,240,,3703662
4254735,239,,1238978
5912467,239,,7892974
5348578,239,,122011
127972,239,,3286264
2803931,239,,5237836
2168851,239,,267866
1041061,239,,5689428
5356911,239,,6187625
3547256,239,,3730723
2453002,239,,46173
1310668,239,,650294
4864820,238,,178353
5234402,238,,5866314
2859308,238,,2154037
1561908,238,,7702916
4097962,238,,1642318
1460754,238,,975733
88252,237,,391739
7406911,237,,1089821
30525,237,,6227186
4292121,237,,7382533
5624947,237,,1274550
1340488,237,,8838699
5872827,237,,2858587
3024594,237,,9153622
677374,236,,1318278
2108116,236,,1442087
2749367,236,,1670934
2435017,236,,8606413
3096896,236,,5268046
6825787,235,,114093
851090,235,,1759473
805949,235,,3138683
127901,235,,7519010
1096695,235,,7190199
240245,235,,4160960
5497579,235,,7678916
3954174,235,,314382
4748847,235,,7751000
8798077,235,,5231
7281449,235,,104917
6089600,234,,48564
5720495,234,,6548894
1421239,234,,4510715
1086384,234,,4280826
7180584,234,,2819259
4485143,234,,1151318
4448196,234,,173023
2768497,233,,5328366
7527109,233,,4822597
2595440,233,,1332214
2787742,233,,8219831
782826,233,,3981397
3086983,232,,5877170
5602360,232,,115494
808903,232,,3143590
4528639,231,,3657943
8467580,231,,5740721
551733,231,,7026114
3495040,231,,1306410
2728655,231,,856034
8005593,231,,2800927
3469114,231,,4262662
5718804,230,,2322783
1176806,230,,1660993
2913111,230,,3747299
973693,230,,6036599
5165571,230,,778752
6604466,230,,6150621
7983120,229,,5888466
3516811,229,,7859888
2814698,229,,5895037
877148,229,,4458396
1237771,229,,1358582
1561890,229,,1774960
125167,228,,1216424
8378334,228,,872960
7433837,228,,286958
132823,228,,195857
57322,228,,5009336
388772,227,,1884982
3313230,227,,819103
2492988,227,,3348876
787148,227,,3690882
2618225,227,,4839917
271569,226,,4204126
6600821,226,,1217774
589685,226,,8664631
6178789,226,,2308591
321773,226,,2953997
934946,225,,6363846
2171893,225,,7549296
8719276,225,,7152864
3238010,225,,113596
5587177,225,,49322
5317476,225,,3257356
3801221,225,,1449494
430587,224,,1271603
1134415,224,,4753648
4797996,223,,4515370
5852913,223,,5898170
85694,223,,7445343
3091173,223,,13699
3627659,223,,5751463
577648,223,,7180139
5496481,222,,2587533
745913,222,,790095
7229518,222,,5745485
3462016,222,,220833
1466738,222,,2607684
1378520,222,,1359087
5956337,221,,998969
679396,221,,7251040
856442,221,,5120032
4176551,221,,3383236
1100486,221,,145400
191372,221,,575042
4387613,220,,585688
3362880,220,,228549
5182634,220,,1678689
6808288,220,,1174256
5105831,220,,7243938
1864690,220,,69889
7975969,219,,3063583
7669563,219,,2135425
62352,219,,814746
193302,219,,336238
2243018,219,,5904827
941470,219,,3220080
2342217,219,,3428003
4112270,219,,2338442
922190,219,,4989035
938087,218,,37876
3774034,218,,5729330
2770231,218,,6960485
8418311,218,,47638
5830949,218,,5642969
2397003,218,,4596519
5666047,218,,1187388
3339514,218,,3824610
1930094,218,,175742
7191275,218,,2624672
1588387,218,,4898286
3519545,217,,5242215
2687902,217,,3432610
7631233,217,,1180497
3874261,217,,2679341
1015603,217,,3982049
5101275,217,,551663
2691732,216,,7889711
2082235,216,,5730242
1803950,216,,4049747
2664850,216,,9191688
1357739,216,,3337325
971869,216,,657072
2358281,215,,212781
1127480,215,,2777935
1676497,215,,1852000
1917139,215,,3505114
5530435,215,,395019
861189,215,,2896174
7047822,215,,3859632
3100280,215,,3097193
803830,215,,3972813
6669511,214,,3938236
879246,214,,3850088
2442543,214,,1220040
3480603,214,,5893347
5633544,214,,305893
4709584,214,,630982
3323983,214,,5295980
3065167,214,,6582362
1069037,214,,8449547
153590,214,,7621297
31879,213,,4694544
8810440,213,,5732701
2908221,213,,8633309
6654878,213,,219006
30356,213,,6828643
1995631,213,,4349787
4927816,213,,3197948
4814165,213,,42903
3078520,213,,8240696
2417547,213,,6250789
7715377,212,,5860818
8027296,212,,1740247
3318315,212,,8258868
1083354,212,,3137581
1288450,212,,5738835
537331,212,,5707620
3856125,212,,7149036
4839193,212,,3612688
2824995,212,,1175920
5737010,212,,905125
646388,211,,4763124
2678337,211,,7990838
647842,211,,4435543
5983150,211,,3960924
2355989,211,,90683
41559,211,,1139932
1219733,211,,638503
5913088,211,,7390873
2627207,211,,3985545
420574,211,,3639070
1095573,210,,5969625
8862130,210,,2438610
4992152,210,,9545
2098406,210,,2978878
8827596,210,,8699814
391444,210,,4691184
8384571,210,,2526360
6112276,210,,87700
797000,210,,2515027
6163718,209,,314066
7212461,209,,4416171
5376545,209,,3211162
5004167,209,,8581628
4135031,209,,2588410
7312933,209,,7285729
6102155,209,,4237090
5898742,209,,7463533
3154377,209,,5805917
1297319,208,,2565050
5810442,208,,924136
3190614,208,,3279943
2067645,208,,7729287
31186,208,,837122
2170693,208,,9159182
412302,208,,7367522
5788420,208,,1330119
7935992,208,,234731
5757531,207,,5548641
699857,207,,2301681
280382,207,,1452854
5935487,207,,7529062
6345523,207,,1483994
3987266,207,,2058331
3977500,207,,7656499
1110463,206,,905998
983819,206,,4071790
8707782,206,,1955435
3366244,206,,544437
4825700,206,,8066926
2184988,206,,2897497
8677724,206,,9232675
6457222,206,,8709627
41539,206,,4625490
7446874,205,,2058486
1438768,205,,1943709
3864432,205,,1352698
161837,205,,973901
5858716,205,,3781007
1921476,205,,
2580188,205,,
6249131,205,,
657496,205,,
352296,205,,
2182101,204,,
2090213,204,,
3993679,204,,
2694197,204,,
2092233,204,,
4723171,204,,
9208244,204,,
4057092,204,,
5336886,204,,
5183098,204,,
7159776,204,,
797120,203,,
6782726,203,,
6102620,203,,
6353978,203,,
1913825,203,,
1673976,203,,
1133231,203,,
441204,203,,
2010405,202,,
3787430,202,,
1694323,202,,
930691,202,,
4748576,202,,
127341,202,,
3431786,202,,
4533794,202,,
6176678,202,,
5328956,202,,
4548154,202,,
1968260,202,,
743109,202,,
276304,202,,
644155,201,,
2181030,201,,
8084071,201,,
5901173,201,,
5127205,201,,
1125340,201,,
976028,201,,
1050566,201,,
7291283,201,,
7908910,201,,
3988513,201,,
749613,201,,
7388169,200,,
3178331,200,,
1956796,200,,
4988047,200,,
4304572,200,,
1994274,200,,
1966013,199,,
80522,199,,
3581945,199,,
5603791,199,,
742316,198,,
8880518,198,,
3249598,198,,
32014,198,,
202682,198,,
308532,198,,
3890428,198,,
6355687,198,,
4335141,198,,
4780559,198,,
792132,198,,
445533,198,,
6009376,197,,
2148740,197,,
6094876,197,,
1057734,197,,
1328792,197,,
698729,197,,
5784307,196,,
5905172,196,,
6508693,196,,
1308261,196,,
7459087,196,,
88923,196,,
5985649,196,,
7329199,196,,
5961058,196,,
5186126,196,,
4083172,196,,
3181334,195,,
1552634,195,,
1873279,195,,
3660203,195,,
5229727,195,,
647991,195,,
908975,195,,
6939387,195,,
4942948,195,,
3862403,195,,
2284222,195,,
2077177,194,,
8597200,194,,
6363108,194,,
236325,194,,
5842620,194,,
867546,194,,
1283371,194,,
1135354,194,,
6929191,194,,
877451,194,,
4319360,194,,
917155,194,,
5345726,193,,
7946743,193,,
5369366,193,,
197806,193,,
169842,193,,
6209882,192,,
244461,192,,
754491,192,,
704984,192,,
1633202,192,,
1662451,192,,
4766300,192,,
6642767,191,,
4533526,191,,
253112,191,,
2104951,191,,
1391754,191,,
4323266,191,,
5242117,191,,
3997277,191,,
221256,191,,
2115470,190,,
783700,190,,
4598042,190,,
4437857,190,,
621916,190,,
855566,190,,
7947019,190,,
4236904,190,,
6946487,190,,
5893835,190,,
4698361,190,,
3055585,190,,
1001319,190,,
2724572,189,,
6124330,189,,
2556432,189,,
2314837,189,,
4016487,189,,
3129065,189,,
4133652,189,,
1784974,189,,
1258538,189,,
638504,189,,
1219806,188,,
5623788,188,,
2397655,188,,
162396,188,,
8583011,188,,
6412104,188,,
953767,188,,
1430202,188,,
4660573,188,,
391193,188,,
1523948,187,,
8615188,187,,
1503257,187,,
1628300,187,,
4887393,187,,
4658378,187,,
843092,187,,
962265,187,,
2927182,187,,
1433252,187,,
4733745,187,,
8489621,187,,
7529428,187,,
6399555,187,,
5740271,187,,
5691696,187,,
3334025,187,,
1255223,187,,
158455,187,,
1205866,186,,
281511,186,,
1096785,186,,
3242992,186,,
1290521,186,,
2868529,186,,
8636868,186,,
2038850,186,,
1498329,186,,
5729839,186,,
6080909,186,,
8814098,186,,
7478408,186,,
2890726,186,,
4737997,185,,
822412,185,,
134733,185,,
3608816,185,,
5103849,185,,
5756426,185,,
4787809,185,,
8161001,185,,
9172680,185,,
5817571,185,,
7057409,185,,
5710620,185,,
4184187,185,,
3915172,185,,
143523,185,,
574954,184,,
2238759,184,,
5349494,184,,
122317,184,,
9014779,184,,
7623380,184,,
5093669,184,,
3998101,184,,
3701563,184,,
2577473,184,,
1864839,184,,
1669380,184,,
3040293,183,,
5649524,183,,
2040917,183,,
1741701,183,,
3861150,183,,
303764,183,,
5935978,182,,
1172410,182,,
4978575,182,,
8794144,182,,
2455994,182,,
1749065,182,,
1142376,182,,
5556096,181,,
1047348,181,,
100167,181,,
577298,181,,
153197,181,,
4272235,181,,
6886122,181,,
5195159,181,,
4930320,181,,
1283482,181,,
1252590,181,,
223026,181,,
202135,180,,
9185510,180,,
4167413,180,,
5619603,180,,
2985496,180,,
5827129,180,,
1068533,180,,
1094677,180,,
7996458,180,,
6409646,180,,
3739529,180,,
2791987,180,,
2168194,180,,
1460955,180,,
2115591,179,,
5363823,179,,
3340687,179,,
3228750,179,,
4203414,179,,
877296,179,,
7828045,179,,
2477392,179,,
5927899,179,,
3882338,179,,
3171871,179,,
1647568,179,,
3027968,178,,
5669937,178,,
6224284,178,,
4340619,178,,
8503920,178,,
1496571,178,,
3658457,178,,
2737525,178,,
2404655,178,,
866318,178,,
1047400,178,,
4826452,178,,
5899216,178,,
5844980,178,,
4631180,178,,
1426044,178,,
158603,178,,
5416176,177,,
1003162,177,,
411374,177,,
1526808,177,,
4807369,177,,
4564931,177,,
8410704,177,,
1627411,177,,
3665117,177,,
6817502,177,,
4407211,177,,
5754642,177,,
8751299,177,,
8456694,177,,
6295042,177,,
2619646,177,,
1939326,177,,
2538892,176,,
7655313,176,,
370383,176,,
2725240,176,,
7357241,176,,
7010704,176,,
1912613,176,,
2327078,176,,
1062510,176,,
1041732,176,,
5909687,176,,
4071088,175,,
4672084,175,,
5587788,175,,
1138730,175,,
7600964,175,,
647497,175,,
5497553,175,,
4379319,175,,
4102905,175,,
2976529,174,,
2563042,174,,
8495028,174,,
2220828,174,,
2297710,173,,
536735,173,,
8087271,173,,
35488,173,,
1155519,173,,
8866450,173,,
7854826,173,,
3217801,173,,
3388448,173,,
4606899,173,,
4492808,173,,
3093000,173,,
775131,173,,
1163441,172,,
2295390,172,,
7878898,172,,
6619835,172,,
7304892,172,,
3586922,172,,
4859065,172,,
5975789,172,,
7222759,172,,
5347428,172,,
2165276,172,,
1741667,172,,
1744326,171,,
4282158,171,,
8179275,171,,
1206520,171,,
6009927,171,,
1928942,171,,
1032093,171,,
3342640,170,,
2889007,170,,
3768301,170,,
1217176,170,,
3476595,170,,
8046739,170,,
2044060,170,,
5862193,170,,
2931588,170,,
2615211,170,,
1655110,170,,
1407592,169,,
4746257,169,,
2557886,169,,
3804639,169,,
6783573,169,,
2011668,169,,
3120014,169,,
7301790,169,,
613464,169,,
1765447,169,,
5202257,169,,
1607304,169,,
5860412,169,,
8940553,169,,
814968,168,,
4445815,168,,
726263,168,,
6206310,168,,
358322,168,,
8923727,168,,
51873,168,,
6538831,168,,
9062568,168,,
8666557,167,,
6011849,167,,
847455,167,,
2673817,167,,
746121,167,,
919191,167,,
1586461,167,,
6857208,167,,
3162831,167,,
3818716,167,,
3047395,167,,
6970222,167,,
3244545,167,,
4472641,167,,
2804369,167,,
1720306,167,,
684208,167,,
284285,167,,
230065,166,,
1487936,166,,
2981080,166,,
3047150,166,,
201574,166,,
7298848,166,,
1873929,166,,
5977865,166,,
5801904,166,,
2555125,166,,
2373739,166,,
138213,166,,
4768979,165,,
6838508,165,,
7314055,165,,
1666574,165,,
2878000,165,,
5210877,165,,
608748,165,,
2697082,165,,
5782481,165,,
2257506,165,,
8192706,165,,
5915763,165,,
5852350,165,,
3388075,165,,
5897881,165,,
3768940,165,,
1521801,165,,
1070495,165,,
1032088,165,,
1385518,164,,
5244178,164,,
1377326,164,,
7971097,164,,
157126,164,,
4586134,164,,
8259640,164,,
230048,164,,
1249767,163,,
2322651,163,,
279596,163,,
3401865,163,,
1428146,163,,
7390877,163,,
5873017,163,,
4906127,163,,
1713154,163,,
8152813,163,,
8819386,163,,
924163,163,,
3493240,163,,
6780125,163,,
901758,163,,
9259555,163,,
8704531,163,,
7272646,163,,
3923160,163,,
3050344,163,,
2507243,163,,
1848153,163,,
1205801,163,,
1166087,163,,
5863559,162,,
8941445,162,,
5227895,162,,
4234612,162,,
82567,162,,
3575857,162,,
2439094,162,,
372332,162,,
5244399,162,,
5150572,162,,
1602775,162,,
207683,162,,
1497745,161,,
5116437,161,,
5310779,161,,
8779608,161,,
6951853,161,,
899542,161,,
5678171,161,,
3935244,161,,
2631068,161,,
7431593,161,,
2220621,161,,
3529909,161,,
1744931,161,,
8922470,161,,
65763,161,,
5891571,160,,
5100484,160,,
6265174,160,,
8837303,160,,
1628013,160,,
8971466,160,,
5873022,160,,
1603829,160,,
7432242,160,,
7355652,160,,
3004837,160,,
1969978,160,,
1342808,160,,
1215266,160,,
1030601,160,,
377237,159,,
7094732,159,,
630982,159,,
5295980,159,,
6582362,159,,
8449547,159,,
7621297,159,,
4694544,159,,
2867151,159,,
803803,159,,
5732701,159,,
3273546,159,,
8633309,159,,
219006,159,,
6828643,159,,
6573376,159,,
6529512,159,,
4485001,159,,
4349787,159,,
4016902,159,,
3197948,159,,
3106572,159,,
42903,159,,
8240696,158,,
6250789,158,,
2166210,158,,
5860818,158,,
1740247,158,,
8258868,158,,
3137581,158,,
5738835,158,,
7340811,158,,
5905201,158,,
5707620,158,,
7149036,158,,
3612688,158,,
1175920,158,,
804494,158,,
905125,157,,
4763124,157,,
2093572,157,,
3745310,157,,
1454416,157,,
7990838,157,,
4435543,157,,
3960924,157,,
90683,157,,
1139932,156,,
5768311,156,,
638503,156,,
728837,156,,
7390873,156,,
7208243,156,,
5105558,156,,
3985545,156,,
3639070,155,,
5969625,155,,
4891018,155,,
2438610,155,,
2519887,155,,
9545,155,,
393065,155,,
863372,155,,
7679419,155,,
4354413,155,,
6683614,155,,
2978878,155,,
8699814,155,,
5492961,155,,
4691184,155,,
2526360,155,,
87700,154,,
2515027,154,,
314066,154,,
4283544,154,,
4416171,154,,
3211162,154,,
8581628,154,,
2588410,154,,
5742937,154,,
7285729,154,,
4237090,154,,
7463533,154,,
5805917,154,,
2565050,154,,
1949809,154,,
924136,154,,
324460,153,,
3279943,153,,
2854199,153,,
7729287,153,,
925973,153,,
837122,153,,
9159182,153,,
7367522,153,,
1330119,153,,
934160,153,,
234731,153,,
193600,153,,
5548641,152,,
2301681,152,,
501935,152,,
1452854,152,,
7529062,152,,
2116575,152,,
1483994,152,,
2058331,152,,
7656499,152,,
905998,152,,
7897291,152,,
4071790,152,,
1481868,152,,
1955435,151,,
544437,151,,
8066926,151,,
2897497,151,,
790969,151,,
9232675,151,,
8709627,151,,
5174357,151,,
4625490,151,,
2058486,151,,
1943709,151,,
1352698,151,,
973901,150,,
3781007,150,,